{"cameraMode":{"drawMode":0,"name":"Shaded","section":"Shading Mode"},"sceneLighting":false,"audioPlay":false,"sceneViewState":{"showFog":true,"showMaterialUpdate":false,"showSkybox":false,"showFlares":true,"showImageEffects":true,"showParticleSystems":true},"in2DMode":false,"pivot":{"x":1.1988500356674195,"y":0.060915350914001468,"z":-1.6344507932662964},"rotation":{"x":0.25199979543685915,"y":-0.12157171219587326,"z":0.03189527988433838,"w":0.9595866203308106},"size":0.17845419049263,"orthographic":false}